{
  "mean": [
    0.48678636261511593,
    0.5014800845709118,
    0.6073967239822805,
    0.6152912311627097,
    0.7898572917157817,
    0.7882586457617045,
    0.17182794316499697,
    0.7648349677419413,
    0.34067934526902394,
    0.01833661279426944
  ],
  "scale": [
    0.26234905261677693,
    0.2679518433707916,
    0.28405269182477694,
    0.28530807033656147,
    0.12630455785419759,
    0.12807421929860235,
    0.140030032653697,
    0.2689161535057443,
    0.12744102852127434,
    0.020811284628327605
  ],
  "feat_dim": 10,
  "window_size": 45
}