{
  "mean": [
    5.435921041089205e-09,
    -1.5473567535114075e-08,
    1.8431970190427417e-09,
    6.002721719811792e-09,
    3.844177736371036e-09,
    -2.853910463932488e-09,
    8.841992927152894e-09,
    8.607811208284546e-09,
    -1.3448900286170503e-08,
    4.360811613032845e-09
  ],
  "scale": [
    1.000000008497247,
    0.999999992563571,
    1.0000000013272943,
    0.9999999978741646,
    0.9999999829206541,
    0.9999999868864466,
    1.0000000142961583,
    0.9999999884288104,
    0.9999999997107357,
    0.9999999881081698
  ],
  "feat_dim": 10,
  "window_size": 45
}