{
  "mean": [
    0.46333021639680794,
    0.47442926846703887,
    0.5805410966311951,
    0.5909668096965842,
    0.7809445188095773,
    0.7791001072120959,
    0.1826808705691792,
    0.7260920134600322,
    0.3539726548075844,
    0.019283092675732277
  ],
  "scale": [
    0.269772346879023,
    0.2669555818843903,
    0.2770026484205981,
    0.27714386024191606,
    0.13216499887836713,
    0.13036175895669486,
    0.13984194751397364,
    0.26040069033634317,
    0.14777797001185522,
    0.021784367352316515
  ],
  "feat_dim": 10,
  "window_size": 30
}